1,0,0,1e-06
2,0,0,5e-07
3,0,3.33333e-07,0
4,0,0,2.5e-07
5,2e-07,2e-07,0
6,0,0,1.66667e-07
7,1.42857e-07,1.42857e-07,1.42857e-07
8,1.25e-07,1.25e-07,1.25e-07
9,1.11111e-07,1.11111e-07,1.11111e-07
10,1e-07,1e-07,0
11,0,9.09091e-08,9.09091e-08
12,8.33333e-08,8.33333e-08,0
13,7.69231e-08,7.69231e-08,7.69231e-08
14,7.14286e-08,7.14286e-08,7.14286e-08
15,6.66667e-08,6.66667e-08,6.66667e-08
16,6.25e-08,6.25e-08,6.25e-08
17,5.88235e-08,5.88235e-08,5.88235e-08
18,5.55556e-08,5.55556e-08,5.55556e-08
19,1.05263e-07,1.05263e-07,5.26316e-08
20,5e-08,1e-07,5e-08
21,9.52381e-08,9.52381e-08,4.7619e-08
22,4.54545e-08,4.54545e-08,4.54545e-08
23,8.69565e-08,8.69565e-08,4.34783e-08
24,8.33333e-08,8.33333e-08,4.16667e-08
25,4e-08,8e-08,4e-08
26,3.84615e-08,7.69231e-08,3.84615e-08
27,7.40741e-08,7.40741e-08,3.7037e-08
28,7.14286e-08,7.14286e-08,3.57143e-08
29,6.89655e-08,6.89655e-08,3.44828e-08
30,6.66667e-08,1e-07,6.66667e-08
31,6.45161e-08,6.45161e-08,6.45161e-08
32,9.375e-08,6.25e-08,3.125e-08
33,9.09091e-08,9.09091e-08,3.0303e-08
34,5.88235e-08,8.82353e-08,2.94118e-08
35,8.57143e-08,8.57143e-08,5.71429e-08
36,8.33333e-08,8.33333e-08,5.55556e-08
37,8.10811e-08,8.10811e-08,5.40541e-08
38,7.89474e-08,7.89474e-08,5.26316e-08
39,7.69231e-08,7.69231e-08,5.12821e-08
40,7.5e-08,1e-07,5e-08
41,7.31707e-08,9.7561e-08,4.87805e-08
42,9.52381e-08,7.14286e-08,4.7619e-08
43,6.97674e-08,9.30233e-08,4.65116e-08
44,9.09091e-08,9.09091e-08,4.54545e-08
45,1.11111e-07,3.33333e-07,4.44444e-08
46,8.69565e-08,8.69565e-08,4.34783e-08
47,8.51064e-08,8.51064e-08,6.38298e-08
48,8.33333e-08,8.33333e-08,4.16667e-08
49,1.02041e-07,8.16327e-08,4.08163e-08
50,8e-08,1e-07,4e-08
51,9.80392e-08,9.80392e-08,3.92157e-08
52,9.61538e-08,7.69231e-08,3.84615e-08
53,9.43396e-08,9.43396e-08,3.77358e-08
54,9.25926e-08,9.25926e-08,3.7037e-08
55,9.09091e-08,9.09091e-08,5.45455e-08
56,8.92857e-08,7.14286e-08,3.57143e-08
57,1.05263e-07,8.77193e-08,3.50877e-08
58,8.62069e-08,8.62069e-08,3.44828e-08
59,1.01695e-07,1.01695e-07,3.38983e-08
60,1e-07,1.16667e-07,5e-08
61,9.83607e-08,1.14754e-07,4.91803e-08
62,9.67742e-08,1.12903e-07,4.83871e-08
63,9.52381e-08,1.26984e-07,4.7619e-08
64,1.09375e-07,1.09375e-07,3.125e-08
65,1.07692e-07,1.23077e-07,4.61538e-08
66,1.06061e-07,1.21212e-07,4.54545e-08
67,1.04478e-07,1.19403e-07,4.47761e-08
68,1.17647e-07,1.32353e-07,4.41176e-08
69,1.30435e-07,1.15942e-07,5.7971e-08
70,1.28571e-07,8.57143e-08,4.28571e-08
71,1.12676e-07,9.85915e-08,4.22535e-08
72,1.25e-07,8.33333e-08,5.55556e-08
73,1.50685e-07,9.58904e-08,4.10959e-08
74,1.21622e-07,9.45946e-08,4.05405e-08
75,1.2e-07,1.06667e-07,4e-08
76,1.18421e-07,9.21053e-08,3.94737e-08
77,1.16883e-07,9.09091e-08,3.8961e-08
78,1.15385e-07,8.97436e-08,3.84615e-08
79,1.26582e-07,8.86076e-08,3.79747e-08
80,1.25e-07,8.75e-08,3.75e-08
81,1.11111e-07,1.11111e-07,3.7037e-08
82,1.46341e-07,9.7561e-08,6.09756e-08
83,1.3253e-07,9.63855e-08,4.81928e-08
84,1.30952e-07,8.33333e-08,3.57143e-08
85,1.29412e-07,9.41176e-08,4.70588e-08
86,1.27907e-07,9.30233e-08,5.81395e-08
87,1.49425e-07,9.1954e-08,5.74713e-08
88,1.36364e-07,9.09091e-08,4.54545e-08
89,1.46067e-07,1.01124e-07,3.37079e-08
90,1.55556e-07,1e-07,3.33333e-08
91,1.53846e-07,9.89011e-08,3.2967e-08
92,1.30435e-07,8.69565e-08,5.43478e-08
93,1.50538e-07,9.67742e-08,1.82796e-07
94,1.48936e-07,9.57447e-08,4.25532e-08
95,1.57895e-07,1.05263e-07,3.15789e-08
96,1.45833e-07,2.08333e-07,4.16667e-08
97,1.34021e-07,9.27835e-08,4.12371e-08
98,1.42857e-07,1.02041e-07,4.08163e-08
99,1.51515e-07,1.0101e-07,4.0404e-08
100,1.5e-07,9e-08,3e-08
101,1.48515e-07,8.91089e-08,2.9703e-08
102,1.47059e-07,9.80392e-08,3.92157e-08
103,1.45631e-07,1.06796e-07,2.91262e-08
104,1.53846e-07,9.61538e-08,3.84615e-08
105,1.61905e-07,1.04762e-07,3.80952e-08
106,1.60377e-07,9.43396e-08,3.77358e-08
107,1.58879e-07,9.34579e-08,3.73832e-08
108,1.57407e-07,9.25926e-08,3.7037e-08
109,1.55963e-07,1.00917e-07,2.75229e-08
110,1.54545e-07,1e-07,3.63636e-08
111,1.53153e-07,1.08108e-07,2.7027e-08
112,1.69643e-07,9.82143e-08,3.57143e-08
113,1.59292e-07,9.73451e-08,3.53982e-08
114,1.75439e-07,1.05263e-07,3.50877e-08
115,1.73913e-07,1.04348e-07,3.47826e-08
116,1.72414e-07,1.03448e-07,3.44828e-08
117,1.7094e-07,1.02564e-07,4.2735e-08
118,1.52542e-07,1.01695e-07,3.38983e-08
119,1.76471e-07,1.09244e-07,3.36134e-08
120,1.75e-07,1.16667e-07,3.33333e-08
121,2.56198e-07,1.23967e-07,4.95868e-08
122,1.88525e-07,1.39344e-07,4.09836e-08
123,1.78862e-07,1.30081e-07,3.25203e-08
124,1.85484e-07,1.37097e-07,3.22581e-08
125,1.92e-07,1.12e-07,4e-08
126,1.74603e-07,1.11111e-07,3.1746e-08
127,1.81102e-07,1.1811e-07,4.72441e-08
128,1.875e-07,1.01562e-07,3.90625e-08
129,1.93798e-07,1.08527e-07,3.10078e-08
130,1.92308e-07,1e-07,3.84615e-08
131,1.98473e-07,9.92366e-08,3.81679e-08
132,2.04545e-07,9.84848e-08,3.78788e-08
133,2.10526e-07,1.05263e-07,3.7594e-08
134,2.01493e-07,1.1194e-07,3.73134e-08
135,1.85185e-07,9.62963e-08,3.7037e-08
136,1.98529e-07,9.55882e-08,4.41176e-08
137,1.89781e-07,9.48905e-08,4.37956e-08
138,1.95652e-07,1.01449e-07,3.62319e-08
139,2.01439e-07,1.00719e-07,4.31655e-08
140,2.07143e-07,1e-07,4.28571e-08
141,2.05674e-07,9.92908e-08,4.25532e-08
142,2.04225e-07,9.85915e-08,4.22535e-08
143,2.65734e-07,9.79021e-08,3.4965e-08
144,2.01389e-07,9.72222e-08,4.16667e-08
145,2.13793e-07,1.03448e-07,3.44828e-08
146,2.12329e-07,1.0274e-07,3.42466e-08
147,2.04082e-07,1.02041e-07,4.08163e-08
148,1.95946e-07,1.14865e-07,4.05405e-08
149,2.14765e-07,1.14094e-07,4.02685e-08
150,2.13333e-07,1.13333e-07,4e-08
151,2.11921e-07,1.0596e-07,3.97351e-08
152,2.10526e-07,1.05263e-07,3.28947e-08
153,2.28758e-07,1.11111e-07,3.92157e-08
154,2.72727e-07,9.74026e-08,3.8961e-08
155,2.25806e-07,1.03226e-07,3.87097e-08
156,2.30769e-07,1.02564e-07,3.84615e-08
157,2.16561e-07,1.01911e-07,3.82166e-08
158,2.34177e-07,1.01266e-07,4.43038e-08
159,2.38994e-07,1.00629e-07,4.40252e-08
160,2.1875e-07,1.0625e-07,3.75e-08
161,2.6087e-07,9.93789e-08,4.34783e-08
162,2.09877e-07,1.04938e-07,3.7037e-08
163,2.20859e-07,9.81595e-08,3.68098e-08
164,2.37805e-07,1.03659e-07,3.65854e-08
165,2.30303e-07,9.69697e-08,4.24242e-08
166,2.10843e-07,9.63855e-08,3.61446e-08
167,2.39521e-07,1.01796e-07,3.59281e-08
168,2.38095e-07,1.0119e-07,4.16667e-08
169,2.36686e-07,1.06509e-07,3.5503e-08
170,2.35294e-07,1.76471e-07,4.11765e-08
171,2.39766e-07,1.52047e-07,4.09357e-08
172,2.5e-07,1.45349e-07,4.06977e-08
173,2.36994e-07,1.38728e-07,4.04624e-08
174,2.58621e-07,1.03448e-07,4.02299e-08
175,2.68571e-07,1.02857e-07,4e-08
176,2.5e-07,1.42045e-07,3.97727e-08
177,2.54237e-07,1.01695e-07,4.51977e-08
178,2.41573e-07,1.40449e-07,5.05618e-08
179,2.6257e-07,1.00559e-07,4.46927e-08
180,2.55556e-07,1e-07,3.88889e-08
181,2.70718e-07,1.04972e-07,3.8674e-08
182,2.69231e-07,1.04396e-07,4.3956e-08
183,2.45902e-07,1.03825e-07,3.82514e-08
184,2.55435e-07,1.03261e-07,3.80435e-08
185,2.48649e-07,1.02703e-07,4.32432e-08
186,2.90323e-07,1.77419e-07,4.83871e-08
187,2.72727e-07,1.06952e-07,4.81283e-08
188,2.76596e-07,1.17021e-07,4.25532e-08
189,3.01587e-07,1.0582e-07,4.2328e-08
190,2.73684e-07,1.05263e-07,4.73684e-08
191,2.82723e-07,1.04712e-07,4.18848e-08
192,2.60417e-07,1.09375e-07,4.16667e-08
193,2.84974e-07,1.08808e-07,4.66321e-08
194,2.73196e-07,1.08247e-07,4.63918e-08
195,2.5641e-07,1.4359e-07,4.61538e-08
196,2.95918e-07,1.07143e-07,4.59184e-08
197,2.79188e-07,1.06599e-07,4.56853e-08
198,2.92929e-07,1.06061e-07,3.0303e-08
199,2.66332e-07,1.00503e-07,4.0201e-08
200,2.75e-07,1.05e-07,4.5e-08
201,2.78607e-07,1.04478e-07,4.47761e-08
202,2.77228e-07,1.08911e-07,3.46535e-08
203,2.75862e-07,1.03448e-07,4.92611e-08
204,2.94118e-07,1.02941e-07,2.94118e-08
205,2.92683e-07,1.07317e-07,4.87805e-08
206,2.96117e-07,1.16505e-07,4.85437e-08
207,2.94686e-07,1.20773e-07,3.38164e-08
208,3.17308e-07,1.25e-07,3.36538e-08
209,3.54067e-07,1.10048e-07,3.82775e-08
210,3.2381e-07,1.09524e-07,3.33333e-08
211,3.03318e-07,1.23223e-07,3.79147e-08
212,3.53774e-07,1.08491e-07,3.77358e-08
213,3.14554e-07,1.03286e-07,3.75587e-08
214,2.99065e-07,1.02804e-07,5.14019e-08
215,3.06977e-07,1.02326e-07,3.72093e-08
216,3.10185e-07,1.43519e-07,4.16667e-08
217,3.17972e-07,1.05991e-07,3.22581e-08
218,3.11927e-07,1.05505e-07,3.21101e-08
219,3.0137e-07,1.00457e-07,3.19635e-08
220,2.95455e-07,1.04545e-07,3.18182e-08
221,3.07692e-07,1.04072e-07,3.16742e-08
222,3.10811e-07,1.03604e-07,3.6036e-08
223,3.04933e-07,1.07623e-07,3.13901e-08
224,3.08036e-07,1.07143e-07,3.125e-08
225,3.15556e-07,1.02222e-07,3.11111e-08
226,3.27434e-07,1.06195e-07,3.53982e-08
227,3.17181e-07,1.36564e-07,3.52423e-08
228,3.02632e-07,1.05263e-07,3.07018e-08
229,3.23144e-07,1.0917e-07,3.49345e-08
230,3.04348e-07,1.08696e-07,3.04348e-08
231,3.24675e-07,1.03896e-07,3.4632e-08
232,3.27586e-07,1.07759e-07,3.44828e-08
233,3.43348e-07,1.07296e-07,3.00429e-08
234,3.80342e-07,1.11111e-07,3.84615e-08
235,3.19149e-07,1.10638e-07,3.40426e-08
236,3.34746e-07,1.10169e-07,3.38983e-08
237,3.62869e-07,1.05485e-07,3.79747e-08
238,3.31933e-07,1.05042e-07,3.36134e-08
239,3.22176e-07,1.04603e-07,3.34728e-08
240,3.375e-07,1.08333e-07,3.33333e-08
241,3.23651e-07,1.07884e-07,3.3195e-08
242,3.5124e-07,1.07438e-07,3.71901e-08
243,3.16872e-07,1.06996e-07,3.29218e-08
244,3.40164e-07,1.06557e-07,3.27869e-08
245,3.71429e-07,1.5102e-07,3.26531e-08
246,3.37398e-07,1.05691e-07,3.25203e-08
247,3.48178e-07,1.05263e-07,3.23887e-08
248,3.34677e-07,1.04839e-07,3.62903e-08
249,3.33333e-07,1.04418e-07,3.21285e-08
250,3.6e-07,1.16e-07,3.6e-08
251,3.30677e-07,1.03586e-07,3.18725e-08
252,3.37302e-07,1.26984e-07,3.96825e-08
253,3.32016e-07,1.26482e-07,3.16206e-08
254,3.46457e-07,1.25984e-07,3.54331e-08
255,3.56863e-07,1.21569e-07,3.52941e-08
256,3.32031e-07,1.21094e-07,3.51562e-08
257,3.42412e-07,1.08949e-07,3.50195e-08
258,4.18605e-07,1.08527e-07,3.48837e-08
259,3.4749e-07,1.31274e-07,3.4749e-08
260,3.42308e-07,1.07692e-07,3.46154e-08
261,3.67816e-07,1.0728e-07,3.44828e-08
262,3.54962e-07,1.0687e-07,3.43511e-08
263,3.57414e-07,1.06464e-07,3.42205e-08
264,3.90152e-07,1.36364e-07,3.40909e-08
265,3.69811e-07,1.24528e-07,3.39623e-08
266,3.68421e-07,1.31579e-07,3.7594e-08
267,3.78277e-07,1.31086e-07,3.74532e-08
268,4.14179e-07,1.15672e-07,4.10448e-08
269,3.94052e-07,1.07807e-07,3.71747e-08
270,3.85185e-07,1.11111e-07,3.33333e-08
271,3.83764e-07,1.07011e-07,3.32103e-08
272,4.00735e-07,1.10294e-07,3.67647e-08
273,3.69963e-07,1.06227e-07,3.2967e-08
274,3.75912e-07,1.09489e-07,3.28467e-08
275,3.45455e-07,1.09091e-07,3.63636e-08
276,3.73188e-07,1.08696e-07,3.62319e-08
277,3.75451e-07,1.08303e-07,3.61011e-08
278,3.66906e-07,1.11511e-07,3.59712e-08
279,3.90681e-07,1.07527e-07,3.58423e-08
280,3.78571e-07,1.10714e-07,3.57143e-08
281,3.70107e-07,1.06762e-07,3.91459e-08
282,4.50355e-07,1.13475e-07,3.90071e-08
283,3.99293e-07,1.06007e-07,3.18021e-08
284,3.73239e-07,1.05634e-07,3.52113e-08
285,4.21053e-07,1.08772e-07,3.50877e-08
286,3.95105e-07,1.08392e-07,6.99301e-08
287,3.93728e-07,1.11498e-07,3.48432e-08
288,3.88889e-07,1.07639e-07,3.81944e-08
289,3.84083e-07,1.07266e-07,3.46021e-08
290,3.7931e-07,1.06897e-07,3.44828e-08
291,3.98625e-07,1.16838e-07,3.43643e-08
292,3.9726e-07,1.16438e-07,3.76712e-08
293,3.99317e-07,1.16041e-07,3.75427e-08
294,4.72789e-07,1.19048e-07,4.08163e-08
295,3.9661e-07,1.08475e-07,4.0678e-08
296,4.15541e-07,1.11486e-07,3.71622e-08
297,4.07407e-07,1.11111e-07,3.367e-08
298,4.22819e-07,1.1745e-07,3.69128e-08
299,3.94649e-07,1.13712e-07,3.67893e-08
300,4.03333e-07,1.13333e-07,3.33333e-08
301,3.98671e-07,1.19601e-07,3.65449e-08
302,4.53642e-07,1.12583e-07,4.30464e-08
303,3.9934e-07,1.15512e-07,4.29043e-08
304,4.14474e-07,1.15132e-07,4.27632e-08
305,4.19672e-07,1.5082e-07,3.93443e-08
306,4.24837e-07,1.11111e-07,3.59477e-08
307,4.10423e-07,1.17264e-07,4.23453e-08
308,4.25325e-07,1.13636e-07,3.8961e-08
309,4.91909e-07,1.10032e-07,4.20712e-08
310,4.06452e-07,1.09677e-07,3.87097e-08
311,4.11576e-07,1.1254e-07,3.85852e-08
312,4.51923e-07,1.34615e-07,3.84615e-08
313,4.56869e-07,1.15016e-07,3.83387e-08
314,4.36306e-07,1.11465e-07,3.82166e-08
315,4.38095e-07,1.55556e-07,4.44444e-08
316,5.85443e-07,1.23418e-07,4.11392e-08
317,4.29022e-07,1.13565e-07,4.10095e-08
318,4.18239e-07,1.13208e-07,3.77358e-08
319,4.98433e-07,1.19122e-07,5.01567e-08
320,4.125e-07,1.125e-07,3.75e-08
321,4.79751e-07,1.30841e-07,4.04984e-08
322,4.68944e-07,1.11801e-07,4.03727e-08
323,4.79876e-07,1.14551e-07,4.02477e-08
324,4.84568e-07,1.32716e-07,4.01235e-08
325,4.4e-07,1.32308e-07,4.61538e-08
326,4.32515e-07,1.41104e-07,4.29448e-08
327,4.37309e-07,1.2844e-07,3.66972e-08
328,4.5122e-07,1.31098e-07,3.96341e-08
329,4.68085e-07,1.15502e-07,3.95137e-08
330,4.33333e-07,1.12121e-07,3.93939e-08
331,4.56193e-07,1.08761e-07,3.92749e-08
332,4.48795e-07,1.08434e-07,4.21687e-08
333,4.74474e-07,1.29129e-07,3.9039e-08
334,4.82036e-07,1.13772e-07,3.89222e-08
335,5.07463e-07,1.16418e-07,4.1791e-08
336,4.375e-07,1.36905e-07,4.7619e-08
337,4.56973e-07,1.24629e-07,4.45104e-08
338,4.64497e-07,1.15385e-07,4.14201e-08
339,4.33628e-07,1.12094e-07,3.83481e-08
340,4.76471e-07,1.11765e-07,4.11765e-08
341,4.83871e-07,1.1437e-07,4.39883e-08
342,4.59064e-07,1.16959e-07,4.09357e-08
343,4.69388e-07,1.16618e-07,4.08163e-08
344,5.26163e-07,1.25e-07,4.06977e-08
345,4.6087e-07,1.10145e-07,3.76812e-08
346,4.68208e-07,1.12717e-07,4.04624e-08
347,5.36023e-07,1.23919e-07,4.61095e-08
348,4.56897e-07,1.09195e-07,4.02299e-08
349,4.49857e-07,1.7192e-07,4.29799e-08
350,4.4e-07,1.11429e-07,4e-08
351,4.5584e-07,1.11111e-07,3.9886e-08
352,4.82955e-07,1.13636e-07,4.26136e-08
353,4.87252e-07,1.07649e-07,3.96601e-08
354,4.63277e-07,1.10169e-07,3.67232e-08
355,4.98592e-07,1.15493e-07,4.22535e-08
356,4.69101e-07,1.15169e-07,4.21348e-08
357,4.70588e-07,1.12045e-07,3.92157e-08
358,5.2514e-07,1.17318e-07,3.91061e-08
359,4.51253e-07,1.14206e-07,3.89972e-08
360,4.77778e-07,1.13889e-07,4.16667e-08
361,4.65374e-07,1.08033e-07,3.87812e-08
362,4.83425e-07,1.16022e-07,4.14365e-08
363,4.79339e-07,1.57025e-07,4.95868e-08
364,4.86264e-07,1.12637e-07,4.3956e-08
365,5.0411e-07,1.12329e-07,4.38356e-08
366,5.05464e-07,1.0929e-07,4.09836e-08
367,4.82289e-07,1.11717e-07,4.35967e-08
368,4.80978e-07,1.08696e-07,4.34783e-08
369,4.87805e-07,1.19241e-07,4.33604e-08
370,4.86486e-07,1.35135e-07,3.78378e-08
371,5.44474e-07,1.15903e-07,4.58221e-08
372,5e-07,1.10215e-07,4.56989e-08
373,4.90617e-07,1.0992e-07,4.28954e-08
374,5.45455e-07,1.17647e-07,4.27807e-08
375,4.98667e-07,1.14667e-07,4.8e-08
376,5.31915e-07,1.38298e-07,4.25532e-08
377,5.01326e-07,1.35279e-07,4.24403e-08
378,4.89418e-07,1.2963e-07,4.2328e-08
379,5.25066e-07,1.13456e-07,4.22164e-08
380,4.86842e-07,1.07895e-07,3.94737e-08
381,5.80052e-07,1.20735e-07,4.46194e-08
382,5.13089e-07,1.09948e-07,4.18848e-08
383,5.19582e-07,1.09661e-07,4.43864e-08
384,5.44271e-07,1.48438e-07,5.20833e-08
385,5.81818e-07,1.11688e-07,3.8961e-08
386,5.15544e-07,1.11399e-07,4.40415e-08
387,5.09044e-07,1.29199e-07,4.13437e-08
388,5.23196e-07,1.13402e-07,4.12371e-08
389,5.01285e-07,1.13111e-07,4.37018e-08
390,5.23077e-07,1.12821e-07,3.33333e-08
391,5.31969e-07,1.12532e-07,4.34783e-08
392,5.68878e-07,1.14796e-07,3.31633e-08
393,5.36896e-07,1.11959e-07,3.81679e-08
394,5.17766e-07,1.14213e-07,4.06091e-08
395,5.31646e-07,1.11392e-07,4.3038e-08
396,5.17677e-07,1.13636e-07,3.53535e-08
397,5.61713e-07,1.20907e-07,4.53401e-08
398,5.62814e-07,1.1809e-07,4.27136e-08
399,5.41353e-07,1.30326e-07,3.25815e-08
400,5.5e-07,1.15e-07,4.25e-08
401,5.18703e-07,1.14713e-07,4.48878e-08
402,5.32338e-07,1.19403e-07,4.72637e-08
403,5.60794e-07,1.19107e-07,3.22581e-08
404,5.4703e-07,1.13861e-07,4.45545e-08
405,5.45679e-07,1.16049e-07,5.67901e-08
406,5.27094e-07,1.15764e-07,4.6798e-08
407,6.11794e-07,1.17936e-07,3.1941e-08
408,5.56373e-07,1.15196e-07,3.43137e-08
409,6.06357e-07,1.17359e-07,3.17848e-08
410,6.12195e-07,1.19512e-07,3.41463e-08
411,5.3528e-07,1.19221e-07,3.64964e-08
412,5.58252e-07,1.14078e-07,3.64078e-08
413,5.59322e-07,1.18644e-07,3.38983e-08
414,5.60386e-07,1.18357e-07,3.62319e-08
415,6.12048e-07,1.46988e-07,3.37349e-08
416,5.64904e-07,1.20192e-07,3.36538e-08
417,6.18705e-07,1.15108e-07,3.35731e-08
418,5.50239e-07,1.1244e-07,3.34928e-08
419,6.03819e-07,1.16945e-07,3.34129e-08
420,5.61905e-07,1.14286e-07,3.57143e-08
421,6.27078e-07,1.18765e-07,4.038e-08
422,5.90047e-07,1.16114e-07,3.5545e-08
423,6.40662e-07,1.18203e-07,3.78251e-08
424,5.63679e-07,1.10849e-07,3.30189e-08
425,5.57647e-07,1.57647e-07,3.29412e-08
426,5.8216e-07,1.17371e-07,3.28638e-08
427,5.66745e-07,1.14754e-07,4.68384e-08
428,5.86449e-07,1.14486e-07,3.27103e-08
429,5.64103e-07,1.3986e-07,3.9627e-08
430,5.67442e-07,1.18605e-07,3.48837e-08
431,5.80046e-07,1.16009e-07,4.64037e-08
432,5.64815e-07,1.15741e-07,3.24074e-08
433,5.70439e-07,1.13164e-07,3.23326e-08
434,6.33641e-07,1.12903e-07,3.22581e-08
435,5.70115e-07,1.14943e-07,3.21839e-08
436,6.00917e-07,1.14679e-07,3.44037e-08
437,5.85812e-07,1.12128e-07,3.20366e-08
438,5.9589e-07,1.27854e-07,3.19635e-08
439,5.85421e-07,1.11617e-07,4.7836e-08
440,5.84091e-07,1.15909e-07,3.18182e-08
441,5.66893e-07,1.15646e-07,3.40136e-08
442,5.9276e-07,1.15385e-07,3.16742e-08
443,5.75621e-07,1.12867e-07,3.386e-08
444,5.74324e-07,1.14865e-07,3.37838e-08
445,6.04494e-07,1.16854e-07,4.94382e-08
446,5.71749e-07,1.1435e-07,3.36323e-08
447,5.72707e-07,1.16331e-07,3.3557e-08
448,5.91518e-07,1.11607e-07,3.125e-08
449,5.94655e-07,1.1804e-07,6.90423e-08
450,5.8e-07,1.17778e-07,3.33333e-08
451,5.83149e-07,1.57428e-07,3.7694e-08
452,5.90708e-07,1.15044e-07,3.53982e-08
453,6.13687e-07,1.19205e-07,3.53201e-08
454,5.96916e-07,1.1674e-07,3.52423e-08
455,6.43956e-07,1.45055e-07,3.51648e-08
456,5.63596e-07,1.16228e-07,3.28947e-08
457,6.01751e-07,1.31291e-07,3.06346e-08
458,6.04803e-07,1.33188e-07,3.49345e-08
459,6.18736e-07,1.17647e-07,3.05011e-08
460,6.3913e-07,1.32609e-07,3.26087e-08
461,6.29067e-07,1.3449e-07,3.2538e-08
462,6.32035e-07,1.38528e-07,3.4632e-08
463,6.06911e-07,1.2095e-07,3.45572e-08
464,6.59483e-07,1.2069e-07,3.44828e-08
465,6.4086e-07,1.84946e-07,3.22581e-08
466,6.33047e-07,1.1588e-07,3.21888e-08
467,5.9743e-07,1.43469e-07,3.42612e-08
468,6.28205e-07,1.19658e-07,3.84615e-08
469,6.26866e-07,1.23667e-07,3.62473e-08
470,5.93617e-07,1.19149e-07,3.19149e-08
471,6.81529e-07,1.18896e-07,3.39703e-08
472,6.54661e-07,1.22881e-07,3.38983e-08
473,6.53277e-07,1.2685e-07,3.38266e-08
474,6.85654e-07,1.20253e-07,3.37553e-08
475,6.67368e-07,1.24211e-07,3.36842e-08
476,6.7437e-07,1.19748e-07,3.57143e-08
477,6.16352e-07,1.11111e-07,3.3543e-08
478,6.17155e-07,1.15063e-07,3.55649e-08
479,6.36743e-07,1.21086e-07,4.5929e-08
480,6.875e-07,1.22917e-07,3.54167e-08
481,6.6736e-07,1.26819e-07,3.3264e-08
482,6.6805e-07,1.22407e-07,3.3195e-08
483,6.8323e-07,1.20083e-07,3.31263e-08
484,6.54959e-07,1.36364e-07,3.92562e-08
485,6.3299e-07,1.36082e-07,3.71134e-08
486,6.39918e-07,1.13169e-07,3.49794e-08
487,6.73511e-07,1.2731e-07,3.49076e-08
488,6.63934e-07,1.18852e-07,3.48361e-08
489,6.66667e-07,1.28834e-07,3.47648e-08
490,6.63265e-07,1.2449e-07,3.46939e-08
491,6.98574e-07,1.20163e-07,3.86965e-08
492,6.52439e-07,1.36179e-07,3.25203e-08
493,6.69371e-07,1.23732e-07,3.24544e-08
494,6.78138e-07,1.39676e-07,3.23887e-08
495,6.64646e-07,1.37374e-07,3.23232e-08
496,6.59274e-07,1.18952e-07,3.42742e-08
497,6.76056e-07,1.40845e-07,3.21932e-08
498,6.66667e-07,1.40562e-07,3.61446e-08
499,6.65331e-07,1.44289e-07,3.60721e-08
500,6.92e-07,1.28e-07,3.4e-08
501,7.02595e-07,1.23752e-07,3.59281e-08
502,6.83267e-07,1.1753e-07,3.18725e-08
503,6.64016e-07,1.19284e-07,6.56064e-08
504,7.02381e-07,1.38889e-07,3.37302e-08
505,7.34653e-07,1.24752e-07,3.36634e-08
506,6.50198e-07,1.20553e-07,3.55731e-08
507,6.50888e-07,1.40039e-07,3.35306e-08
508,6.98819e-07,1.24016e-07,3.74016e-08
509,6.91552e-07,1.21807e-07,3.92927e-08
510,7e-07,1.41176e-07,3.33333e-08
511,7.08415e-07,1.23288e-07,4.30528e-08
512,6.71875e-07,1.23047e-07,4.29688e-08
513,7.32943e-07,1.22807e-07,3.31384e-08
514,7.2179e-07,1.22568e-07,3.30739e-08
515,7.16505e-07,1.2233e-07,3.30097e-08
516,6.80233e-07,1.58915e-07,3.68217e-08
517,7.02128e-07,1.21857e-07,5.80271e-08
518,7.25869e-07,1.19691e-07,3.28185e-08
519,7.32177e-07,1.21387e-07,3.46821e-08
520,7.36538e-07,1.44231e-07,3.46154e-08
521,6.77543e-07,1.19002e-07,3.26296e-08
522,6.99234e-07,1.16858e-07,3.44828e-08
523,6.90249e-07,1.16635e-07,3.25048e-08
524,7.46183e-07,1.20229e-07,5.34351e-08
525,7.02857e-07,1.2e-07,3.2381e-08
526,6.92015e-07,1.14068e-07,3.42205e-08
527,6.66034e-07,1.1575e-07,3.22581e-08
528,6.68561e-07,1.13636e-07,3.2197e-08
529,7.20227e-07,1.19093e-07,3.59168e-08
530,7.43396e-07,1.45283e-07,3.58491e-08
531,6.94915e-07,1.18644e-07,3.38983e-08
532,6.80451e-07,1.16541e-07,3.57143e-08
533,7.63602e-07,1.18199e-07,3.18949e-08
534,6.94757e-07,1.40449e-07,3.37079e-08
535,7.1028e-07,1.17757e-07,3.36449e-08
536,7.81716e-07,1.21269e-07,3.35821e-08
537,7.22533e-07,1.26629e-07,3.35196e-08
538,7.08178e-07,1.37546e-07,3.34572e-08
539,7.68089e-07,1.18738e-07,3.15399e-08
540,7.25926e-07,1.18519e-07,3.33333e-08
541,7.31978e-07,1.16451e-07,3.14233e-08
542,7.14022e-07,1.38376e-07,3.32103e-08
543,7.58748e-07,1.21547e-07,3.49908e-08
544,7.07721e-07,1.48897e-07,3.49265e-08
545,7.3945e-07,1.21101e-07,3.30275e-08
546,7.39927e-07,1.17216e-07,3.47985e-08
547,7.14808e-07,1.22486e-07,3.29068e-08
548,7.5e-07,1.38686e-07,3.28467e-08
549,7.26776e-07,1.34791e-07,3.46084e-08
550,7.38182e-07,1.18182e-07,3.27273e-08
551,7.60436e-07,1.21597e-07,3.62976e-08
552,7.89855e-07,1.37681e-07,3.44203e-08
553,7.77577e-07,1.44665e-07,3.4358e-08
554,7.22022e-07,1.20939e-07,3.4296e-08
555,7.67568e-07,1.27928e-07,3.6036e-08
556,8.99281e-07,1.33094e-07,3.59712e-08
557,7.50449e-07,1.27469e-07,3.59066e-08
558,7.67025e-07,1.25448e-07,3.40502e-08
559,7.83542e-07,1.21646e-07,3.9356e-08
560,7.78571e-07,1.39286e-07,3.57143e-08
561,7.62923e-07,1.21212e-07,3.56506e-08
562,7.52669e-07,1.22776e-07,3.55872e-08
563,7.83304e-07,1.2611e-07,3.37478e-08
564,7.34043e-07,1.20567e-07,3.5461e-08
565,7.78761e-07,1.23894e-07,5.13274e-08
566,8.0212e-07,1.23675e-07,3.53357e-08
567,7.60141e-07,1.21693e-07,3.35097e-08
568,7.86972e-07,1.53169e-07,3.69718e-08
569,7.87346e-07,1.23023e-07,3.69069e-08
570,7.31579e-07,1.22807e-07,3.50877e-08
571,8.19615e-07,1.48862e-07,3.67776e-08
572,7.86713e-07,1.60839e-07,3.84615e-08
573,7.69634e-07,1.22164e-07,3.66492e-08
574,7.66551e-07,1.39373e-07,3.48432e-08
575,8e-07,1.4087e-07,3.65217e-08
576,7.95139e-07,1.21528e-07,3.47222e-08
577,7.86828e-07,1.21317e-07,3.63951e-08
578,7.80277e-07,1.21107e-07,3.63322e-08
579,7.962e-07,1.22625e-07,5.18135e-08
580,7.75862e-07,1.17241e-07,3.7931e-08
581,7.95181e-07,1.23924e-07,3.61446e-08
582,7.73196e-07,1.42612e-07,3.95189e-08
583,8.18182e-07,1.40652e-07,3.77358e-08
584,7.80822e-07,1.40411e-07,3.76712e-08
585,8.05128e-07,1.23077e-07,3.58974e-08
586,7.67918e-07,1.22867e-07,3.75427e-08
587,8.09199e-07,1.48211e-07,3.57751e-08
588,7.95918e-07,1.2415e-07,3.7415e-08
589,7.72496e-07,1.51104e-07,3.56537e-08
590,7.89831e-07,1.38983e-07,3.89831e-08
591,8.17259e-07,1.23519e-07,3.7225e-08
592,8.29392e-07,1.38514e-07,3.71622e-08
593,8.09444e-07,1.23103e-07,3.70995e-08
594,7.9798e-07,1.39731e-07,3.53535e-08
595,8.10084e-07,1.21008e-07,7.22689e-08
596,8.40604e-07,1.22483e-07,3.69128e-08
597,8.42546e-07,1.42379e-07,3.8526e-08
598,8.41137e-07,1.22074e-07,3.67893e-08
599,8.11352e-07,1.41903e-07,3.50584e-08
600,8.35e-07,1.25e-07,3.83333e-08
601,7.68719e-07,1.4975e-07,3.66057e-08
602,8.3887e-07,1.21262e-07,3.8206e-08
603,8.00995e-07,1.2272e-07,3.9801e-08
604,8.07947e-07,1.27483e-07,3.97351e-08
605,8.19835e-07,1.23967e-07,3.63636e-08
606,8.30033e-07,1.23762e-07,3.63036e-08
607,8.46787e-07,1.26853e-07,3.62438e-08
608,9.01316e-07,1.34868e-07,3.94737e-08
609,8.12808e-07,1.44499e-07,3.77668e-08
610,8.01639e-07,1.22951e-07,3.77049e-08
611,8.10147e-07,1.60393e-07,3.60065e-08
612,8.23529e-07,1.24183e-07,3.75817e-08
613,8.54812e-07,1.22349e-07,3.58891e-08
614,8.48534e-07,1.27036e-07,4.07166e-08
615,8.35772e-07,1.21951e-07,3.73984e-08
616,8.40909e-07,1.41234e-07,3.73377e-08
617,8.02269e-07,1.23177e-07,3.72771e-08
618,8.30097e-07,1.27832e-07,3.72168e-08
619,8.06139e-07,1.21163e-07,3.71567e-08
620,8.59677e-07,1.22581e-07,4.03226e-08
621,8.67955e-07,1.22383e-07,3.86473e-08
622,8.3119e-07,1.23794e-07,3.69775e-08
623,8.60353e-07,1.31621e-07,3.69181e-08
624,8.36538e-07,1.21795e-07,3.6859e-08
625,8.256e-07,1.392e-07,4.16e-08
626,8.40256e-07,1.24601e-07,4.15335e-08
627,8.45295e-07,1.27592e-07,3.66826e-08
628,8.05732e-07,1.22611e-07,3.82166e-08
629,8.55326e-07,1.20827e-07,3.97456e-08
630,8.95238e-07,1.46032e-07,5.07937e-08
631,9.2393e-07,1.47385e-07,4.12044e-08
632,9.46203e-07,1.28165e-07,5.06329e-08
633,8.64139e-07,1.23223e-07,3.94945e-08
634,9.00631e-07,1.49842e-07,3.94322e-08
635,8.86614e-07,1.29134e-07,4.09449e-08
636,8.74214e-07,1.30503e-07,3.93082e-08
637,9.15228e-07,1.44427e-07,4.86656e-08
638,8.87147e-07,1.5674e-07,4.54545e-08
639,9.13928e-07,1.31455e-07,4.06886e-08
640,9.03125e-07,1.34375e-07,4.0625e-08
641,8.90796e-07,1.31045e-07,3.90016e-08
642,9.31464e-07,1.35514e-07,4.36137e-08
643,9.42457e-07,1.30638e-07,4.04355e-08
644,8.85093e-07,1.42857e-07,4.03727e-08
645,8.44961e-07,1.24031e-07,5.11628e-08
646,8.66873e-07,1.26935e-07,3.86997e-08
647,8.90263e-07,1.26739e-07,4.17311e-08
648,8.90432e-07,1.28086e-07,4.01235e-08
649,8.81356e-07,1.77196e-07,3.85208e-08
650,9.07692e-07,1.24615e-07,4e-08
651,8.84793e-07,1.30568e-07,4.45469e-08
652,8.65031e-07,1.24233e-07,3.83436e-08
653,9.31087e-07,1.30168e-07,3.82848e-08
654,9.14373e-07,1.85015e-07,4.12844e-08
655,8.9771e-07,1.28244e-07,4.42748e-08
656,8.73476e-07,1.26524e-07,3.81098e-08
657,9.13242e-07,1.29376e-07,4.10959e-08
658,9.25532e-07,1.33739e-07,4.40729e-08
659,8.92261e-07,1.30501e-07,4.40061e-08
660,9.80303e-07,1.36364e-07,4.24242e-08
661,9.33434e-07,1.33132e-07,4.08472e-08
662,9.24471e-07,1.29909e-07,4.22961e-08
663,9.07994e-07,1.3273e-07,4.22323e-08
664,9.30723e-07,1.31024e-07,4.51807e-08
665,9.81955e-07,1.30827e-07,4.21053e-08
666,9.51952e-07,1.33634e-07,4.35435e-08
667,9.08546e-07,1.31934e-07,4.1979e-08
668,9.44611e-07,1.33234e-07,4.04192e-08
669,9.31241e-07,1.33034e-07,4.33483e-08
670,9.07463e-07,1.26866e-07,5.67164e-08
671,8.92697e-07,1.29657e-07,5.36513e-08
672,9.67262e-07,1.42857e-07,4.01786e-08
673,9.34621e-07,1.42645e-07,4.30906e-08
674,9.18398e-07,1.2908e-07,4.00593e-08
675,9.61481e-07,1.54074e-07,4.14815e-08
676,9.18639e-07,1.49408e-07,4.14201e-08
677,9.55687e-07,1.31462e-07,4.2836e-08
678,9.23304e-07,1.26844e-07,4.12979e-08
679,9.33726e-07,1.47275e-07,4.27099e-08
680,9.16176e-07,1.44118e-07,4.26471e-08
681,9.07489e-07,1.35095e-07,4.25844e-08
682,9.3695e-07,1.31965e-07,4.2522e-08
683,8.98975e-07,1.33236e-07,4.09956e-08
684,9.44444e-07,1.35965e-07,4.23977e-08
685,9.62044e-07,1.34307e-07,4.23358e-08
686,9.21283e-07,1.70554e-07,5.39359e-08
687,9.50509e-07,1.48472e-07,4.22125e-08
688,1.03924e-06,1.30814e-07,4.65116e-08
689,9.36139e-07,1.45138e-07,4.06386e-08
690,1.0087e-06,1.30435e-07,4.63768e-08
691,8.91462e-07,1.28799e-07,4.0521e-08
692,9.79769e-07,1.34393e-07,4.19075e-08
693,9.19192e-07,1.25541e-07,4.1847e-08
694,9.36599e-07,1.42651e-07,5.33141e-08
695,8.97842e-07,1.36691e-07,3.74101e-08
696,9.13793e-07,1.35057e-07,3.87931e-08
697,9.38307e-07,1.57819e-07,5.73888e-08
698,9.44126e-07,1.36103e-07,4.15473e-08
699,9.49928e-07,1.74535e-07,4.00572e-08
700,9.57143e-07,1.27143e-07,4.28571e-08
701,9.6291e-07,1.32668e-07,4.2796e-08
702,9.72934e-07,1.31054e-07,4.41595e-08
703,9.7155e-07,1.3229e-07,4.12518e-08
704,9.73011e-07,1.32102e-07,4.11932e-08
705,9.70213e-07,1.33333e-07,4.25532e-08
706,1.00283e-06,1.40227e-07,4.24929e-08
707,9.71711e-07,1.35785e-07,4.10184e-08
708,9.92938e-07,1.32768e-07,4.23729e-08
709,9.77433e-07,1.53738e-07,4.5134e-08
710,9.60563e-07,1.49296e-07,4.22535e-08
711,9.7609e-07,1.33615e-07,4.36006e-08
712,1.01264e-06,1.69944e-07,4.21348e-08
713,9.74755e-07,1.41655e-07,4.34783e-08
714,9.7619e-07,1.33053e-07,4.06162e-08
715,9.60839e-07,1.31469e-07,4.1958e-08
716,9.84637e-07,1.31285e-07,4.32961e-08
717,1.00697e-06,1.50628e-07,4.32357e-08
718,9.67967e-07,1.3649e-07,4.17827e-08
719,9.81919e-07,1.47427e-07,4.31154e-08
720,9.81944e-07,1.44444e-07,4.16667e-08
721,9.69487e-07,1.30374e-07,4.16089e-08
722,9.62604e-07,1.34349e-07,4.29363e-08
723,1.02905e-06,1.71508e-07,4.28769e-08
724,1.01243e-06,1.31215e-07,4.28177e-08
725,9.57241e-07,1.29655e-07,4.13793e-08
726,9.64187e-07,1.29477e-07,4.54545e-08
727,9.86245e-07,1.62311e-07,4.67675e-08
728,9.93132e-07,1.27747e-07,4.12088e-08
729,9.79424e-07,1.30316e-07,4.2524e-08
730,1.02466e-06,1.28767e-07,4.10959e-08
731,9.97264e-07,1.39535e-07,4.24077e-08
732,9.93169e-07,1.59836e-07,4.23497e-08
733,9.87722e-07,1.50068e-07,4.09277e-08
734,1.0109e-06,1.33515e-07,4.35967e-08
735,9.72789e-07,1.61905e-07,4.21769e-08
736,9.95924e-07,1.31793e-07,4.21196e-08
737,1.02171e-06,1.37042e-07,4.20624e-08
738,1e-06,1.31436e-07,4.20054e-08
739,1.00812e-06,1.31258e-07,4.19486e-08
740,1.01622e-06,1.28378e-07,4.59459e-08
741,9.83806e-07,1.33603e-07,4.18354e-08
742,9.81132e-07,1.30728e-07,5.25606e-08
743,1.01211e-06,1.3459e-07,4.17227e-08
744,1.07124e-06,1.34409e-07,4.43548e-08
745,1.02819e-06,1.36913e-07,4.2953e-08
746,1.02815e-06,1.31367e-07,4.28954e-08
747,9.59839e-07,1.45917e-07,4.41767e-08
748,1.05749e-06,1.36364e-07,4.41176e-08
749,1.0227e-06,1.54873e-07,4.53939e-08
750,1.03467e-06,1.46667e-07,4.53333e-08
751,1.00266e-06,1.51798e-07,4.5273e-08
752,1.03723e-06,1.40957e-07,4.65426e-08
753,1.0239e-06,1.38114e-07,4.24967e-08
754,1.01724e-06,1.5252e-07,4.24403e-08
755,9.97351e-07,1.44371e-07,4.23841e-08
756,1.0119e-06,1.33598e-07,4.2328e-08
757,1.04359e-06,1.34742e-07,4.35931e-08
758,1.04749e-06,1.38522e-07,4.74934e-08
759,1.02503e-06,1.31752e-07,4.34783e-08
760,1.02895e-06,1.31579e-07,4.47368e-08
761,1.01577e-06,1.35348e-07,4.46781e-08
762,1.04987e-06,1.35171e-07,5.51181e-08
763,1.04325e-06,1.52031e-07,4.32503e-08
764,1.0445e-06,1.32199e-07,4.45026e-08
765,1.05882e-06,1.35948e-07,4.70588e-08
766,1.07833e-06,1.34465e-07,4.30809e-08
767,1.02738e-06,1.35593e-07,4.30248e-08
768,1.06901e-06,1.35417e-07,4.29688e-08
769,1.05722e-06,1.46944e-07,4.29129e-08
770,1.08442e-06,1.36364e-07,4.80519e-08
771,1.06485e-06,1.37484e-07,4.40986e-08
772,1.02979e-06,1.51554e-07,4.40415e-08
773,1.08279e-06,1.34541e-07,4.78655e-08
774,1.03488e-06,1.52455e-07,4.39276e-08
775,1.07613e-06,1.43226e-07,4.51613e-08
776,1.0451e-06,1.31443e-07,4.38144e-08
777,1.04762e-06,1.5444e-07,4.5045e-08
778,1.03342e-06,1.33676e-07,4.62725e-08
779,1.04493e-06,1.34788e-07,4.74968e-08
780,1.10128e-06,1.41026e-07,4.35897e-08
781,1.02433e-06,1.5621e-07,4.60948e-08
782,1.10742e-06,1.71355e-07,4.21995e-08
783,1.08046e-06,1.31545e-07,4.34227e-08
784,1.0625e-06,1.30102e-07,4.46429e-08
785,1.02803e-06,1.63057e-07,4.71338e-08
786,1.08779e-06,1.33588e-07,4.70738e-08
787,1.11055e-06,1.34689e-07,4.44727e-08
788,1.14721e-06,1.51015e-07,4.56853e-08
789,1.08619e-06,1.3308e-07,4.43599e-08
790,1.08101e-06,1.35443e-07,4.3038e-08
791,1.06953e-06,1.4665e-07,4.42478e-08
792,1.10101e-06,1.33838e-07,4.54545e-08
793,1.10214e-06,1.38714e-07,5.42245e-08
794,1.12469e-06,1.53652e-07,4.53401e-08
795,1.08302e-06,1.34591e-07,4.90566e-08
796,1.10427e-06,1.35678e-07,4.64824e-08
797,1.12547e-06,1.50565e-07,4.64241e-08
798,1.06767e-06,1.30326e-07,4.38596e-08
799,1.07134e-06,1.31414e-07,4.25532e-08
800,1.1075e-06,1.5125e-07,4.75e-08
801,1.06866e-06,1.29838e-07,4.49438e-08
802,1.04738e-06,1.37157e-07,5.23691e-08
803,1.1345e-06,1.56912e-07,4.60772e-08
804,1.08209e-06,1.50498e-07,4.60199e-08
805,1.09814e-06,1.50311e-07,4.47205e-08
806,1.08189e-06,1.43921e-07,4.34243e-08
807,1.07559e-06,1.63569e-07,4.33705e-08
808,1.0953e-06,1.32426e-07,4.45545e-08
809,1.12114e-06,1.43387e-07,4.44994e-08
810,1.1037e-06,1.30864e-07,4.44444e-08
811,1.10481e-06,1.50432e-07,4.56227e-08
812,1.117e-06,1.40394e-07,4.80296e-08
813,1.14145e-06,1.36531e-07,4.42804e-08
814,1.13022e-06,1.51106e-07,5.28256e-08
815,1.1411e-06,1.33742e-07,4.29448e-08
816,1.08088e-06,1.36029e-07,4.41176e-08
817,1.10894e-06,1.54223e-07,4.65116e-08
818,1.13814e-06,1.57702e-07,4.40098e-08
819,1.11844e-06,1.45299e-07,4.6398e-08
820,1.11341e-06,1.4878e-07,4.5122e-08
821,1.162e-06,1.33983e-07,5.72473e-08
822,1.10827e-06,1.36253e-07,4.37956e-08
823,1.11786e-06,1.34872e-07,4.49575e-08
824,1.15655e-06,1.33495e-07,4.61165e-08
825,1.12e-06,1.32121e-07,4.36364e-08
826,1.09443e-06,1.40436e-07,4.35835e-08
827,1.36276e-06,1.4873e-07,6.16687e-08
828,1.21739e-06,1.3285e-07,4.4686e-08
829,1.1532e-06,1.55609e-07,4.46321e-08
830,1.08313e-06,1.3253e-07,4.33735e-08
831,1.14922e-06,1.35981e-07,4.33213e-08
832,1.14784e-06,1.32212e-07,4.32692e-08
833,1.17167e-06,1.40456e-07,5.64226e-08
834,1.14868e-06,1.78657e-07,4.79616e-08
835,1.17485e-06,1.41317e-07,4.43114e-08
836,1.13278e-06,1.29187e-07,4.30622e-08
837,1.12067e-06,1.64875e-07,4.89845e-08
838,1.6778e-06,1.61098e-07,4.65394e-08
839,1.14303e-06,1.31108e-07,4.5292e-08
840,1.11548e-06,1.34524e-07,4.28571e-08
841,1.13912e-06,1.34364e-07,5.46968e-08
842,1.10333e-06,1.35392e-07,4.3943e-08
843,1.16489e-06,1.31673e-07,3.67734e-08
844,1.18128e-06,1.36256e-07,4.73934e-08
845,1.15148e-06,1.30178e-07,4.61538e-08
846,1.17967e-06,1.3357e-07,4.25532e-08
847,1.16057e-06,1.33412e-07,4.48642e-08
848,1.11675e-06,1.69811e-07,4.48113e-08
849,1.11779e-06,1.3192e-07,4.47585e-08
850,1.15059e-06,1.29412e-07,3.76471e-08
851,1.13984e-06,1.48061e-07,4.46533e-08
852,1.13263e-06,1.37324e-07,4.69484e-08
853,1.15826e-06,1.46542e-07,4.5721e-08
854,1.19555e-06,1.37002e-07,3.74707e-08
855,1.18947e-06,1.35673e-07,3.50877e-08
856,1.21495e-06,1.3785e-07,3.6215e-08
857,1.19487e-06,1.3769e-07,3.61727e-08
858,1.20862e-06,1.84149e-07,3.7296e-08
859,1.22468e-06,1.32712e-07,3.60885e-08
860,1.20581e-06,1.36047e-07,3.48837e-08
861,1.21254e-06,1.3705e-07,4.64576e-08
862,1.19722e-06,1.51972e-07,4.87239e-08
863,1.18192e-06,1.34415e-07,4.51912e-08
864,1.20602e-06,1.40046e-07,4.16667e-08
865,1.21272e-06,1.3526e-07,3.58382e-08
866,1.19746e-06,1.38568e-07,3.69515e-08
867,1.15686e-06,1.34948e-07,4.72895e-08
868,1.16705e-06,1.38249e-07,3.57143e-08
869,1.20713e-06,1.42693e-07,3.56732e-08
870,1.2023e-06,1.51724e-07,3.56322e-08
871,1.17681e-06,1.36625e-07,3.44432e-08
872,1.20183e-06,1.34174e-07,4.58716e-08
873,1.20275e-06,1.66094e-07,3.66552e-08
874,1.23341e-06,1.59039e-07,3.54691e-08
875,1.20571e-06,1.37143e-07,3.54286e-08
876,1.23288e-06,1.44977e-07,3.65297e-08
877,1.17104e-06,1.3797e-07,3.6488e-08
878,1.17312e-06,1.50342e-07,3.41686e-08
879,1.15472e-06,1.31968e-07,3.52673e-08
880,1.20455e-06,1.31818e-07,3.63636e-08
881,1.17934e-06,1.31669e-07,3.63224e-08
882,1.15986e-06,1.32653e-07,3.62812e-08
883,1.19479e-06,1.33635e-07,3.62401e-08
884,1.24321e-06,1.49321e-07,3.39367e-08
885,1.18079e-06,1.50282e-07,3.50282e-08
886,1.25508e-06,1.34312e-07,3.61174e-08
887,1.17813e-06,1.31905e-07,4.2841e-08
888,1.17455e-06,1.34009e-07,3.49099e-08
889,1.20697e-06,1.32733e-07,3.48706e-08
890,1.21798e-06,1.32584e-07,3.59551e-08
891,1.23457e-06,1.35802e-07,3.47924e-08
892,1.22534e-06,1.41256e-07,3.58744e-08
893,1.21613e-06,1.34378e-07,3.69541e-08
894,1.24944e-06,1.37584e-07,3.80313e-08
895,1.21899e-06,1.63128e-07,3.68715e-08
896,1.23884e-06,1.51786e-07,3.90625e-08
897,1.2408e-06,1.52731e-07,3.67893e-08
898,1.23608e-06,1.35857e-07,3.45212e-08
899,1.25584e-06,1.32369e-07,3.33704e-08
900,1.18778e-06,1.7e-07,3.55556e-08
901,1.24195e-06,1.35405e-07,3.55161e-08
902,1.23282e-06,1.67406e-07,3.54767e-08
903,1.26024e-06,1.74972e-07,3.433e-08
904,1.20575e-06,1.34956e-07,3.65044e-08
905,1.2232e-06,1.32597e-07,3.9779e-08
906,1.19205e-06,1.49007e-07,3.42163e-08
907,1.19625e-06,1.42227e-07,3.41786e-08
908,1.20374e-06,1.3326e-07,3.52423e-08
909,1.22222e-06,1.36414e-07,3.63036e-08
910,1.24176e-06,1.49451e-07,3.51648e-08
911,1.21295e-06,1.36114e-07,3.40285e-08
912,1.24013e-06,1.33772e-07,3.61842e-08
913,1.26068e-06,1.44578e-07,3.50493e-08
914,1.23523e-06,1.35667e-07,3.6105e-08
915,1.25683e-06,1.43169e-07,3.49727e-08
916,1.23799e-06,1.33188e-07,3.60262e-08
917,1.24537e-06,1.33043e-07,3.70774e-08
918,1.23094e-06,1.37255e-07,3.59477e-08
919,1.2296e-06,1.34929e-07,3.48205e-08
920,1.31196e-06,1.43478e-07,3.47826e-08
921,1.24647e-06,1.37894e-07,3.69164e-08
922,1.26898e-06,1.47505e-07,3.68764e-08
923,1.2351e-06,1.52763e-07,3.68364e-08
924,1.29654e-06,1.51515e-07,3.57143e-08
925,1.2573e-06,1.35135e-07,3.45946e-08
926,1.27322e-06,1.36069e-07,3.56371e-08
927,1.31176e-06,1.43474e-07,3.66775e-08
928,1.31897e-06,1.37931e-07,3.87931e-08
929,1.21851e-06,1.38859e-07,3.55221e-08
930,1.3129e-06,1.41935e-07,3.44086e-08
931,1.24812e-06,1.34264e-07,3.54458e-08
932,1.28112e-06,1.43777e-07,3.43348e-08
933,1.22079e-06,1.3612e-07,3.4298e-08
934,1.22484e-06,1.32762e-07,3.31906e-08
935,1.23102e-06,1.42246e-07,3.52941e-08
936,1.24679e-06,1.43162e-07,3.4188e-08
937,1.26467e-06,1.46211e-07,3.6286e-08
938,1.34009e-06,1.39659e-07,3.41151e-08
939,1.25985e-06,1.38445e-07,3.40788e-08
940,1.24468e-06,1.58511e-07,3.51064e-08
941,1.2423e-06,1.34963e-07,3.50691e-08
942,1.2293e-06,1.40127e-07,3.60934e-08
943,1.33192e-06,1.44221e-07,3.49947e-08
944,1.22352e-06,1.36653e-07,3.91949e-08
945,1.23704e-06,1.46032e-07,3.49206e-08
946,1.26321e-06,1.36364e-07,3.59408e-08
947,1.23865e-06,1.78458e-07,3.37909e-08
948,1.25633e-06,1.33966e-07,3.69198e-08
949,1.2666e-06,1.35933e-07,3.68809e-08
950,1.23158e-06,1.6e-07,3.36842e-08
951,1.20189e-06,1.43007e-07,3.47003e-08
952,1.29727e-06,1.51261e-07,3.36134e-08
953,1.23085e-06,1.55299e-07,3.35782e-08
954,1.26625e-06,1.40461e-07,3.45912e-08
955,1.30262e-06,1.44503e-07,3.56021e-08
956,1.2751e-06,1.41213e-07,3.55649e-08
957,1.30617e-06,1.33751e-07,3.44828e-08
958,1.29436e-06,1.36743e-07,3.54906e-08
959,1.29197e-06,1.34515e-07,3.44108e-08
960,1.28437e-06,1.38542e-07,3.4375e-08
961,1.27367e-06,1.51925e-07,3.43392e-08
962,1.30977e-06,1.35135e-07,3.63825e-08
963,1.35722e-06,1.37072e-07,3.53063e-08
964,1.30809e-06,1.37967e-07,3.52697e-08
965,1.22487e-06,1.54404e-07,3.8342e-08
966,1.27536e-06,1.294e-07,3.41615e-08
967,1.23475e-06,1.76836e-07,3.51603e-08
968,1.30785e-06,1.28099e-07,3.30579e-08
969,1.24458e-06,1.30031e-07,3.40557e-08
970,1.22165e-06,1.47423e-07,3.40206e-08
971,1.32132e-06,1.44181e-07,3.39856e-08
972,1.33128e-06,1.3786e-07,3.49794e-08
973,1.34018e-06,1.34635e-07,3.59712e-08
974,1.31211e-06,1.52977e-07,3.59343e-08
975,1.39077e-06,1.61026e-07,3.58974e-08
976,1.33811e-06,1.39344e-07,3.58607e-08
977,1.31934e-06,1.46366e-07,3.5824e-08
978,1.31288e-06,1.77914e-07,3.47648e-08
979,1.32074e-06,1.36874e-07,3.57508e-08
980,1.33878e-06,1.40816e-07,3.67347e-08
981,1.35576e-06,1.37615e-07,3.77166e-08
982,1.36456e-06,1.85336e-07,3.56415e-08
983,1.36114e-06,1.36317e-07,4.37436e-08
984,1.34756e-06,1.36179e-07,3.65854e-08
985,1.35736e-06,1.37056e-07,3.5533e-08
986,1.29513e-06,1.50101e-07,3.44828e-08
987,1.28977e-06,1.32725e-07,3.5461e-08
988,1.31579e-06,1.35628e-07,3.4413e-08
989,1.34378e-06,1.36502e-07,3.53893e-08
990,1.4101e-06,1.37374e-07,3.53535e-08
991,1.3441e-06,1.52371e-07,3.43088e-08
992,1.37601e-06,1.43145e-07,3.52823e-08
993,1.30614e-06,1.34945e-07,3.72608e-08
994,1.36016e-06,1.5493e-07,3.42052e-08
995,1.30553e-06,1.45729e-07,3.51759e-08
996,1.36847e-06,1.73695e-07,3.51406e-08
997,1.37513e-06,1.45436e-07,3.61083e-08
998,1.32565e-06,1.45291e-07,3.60721e-08
999,1.33333e-06,1.33133e-07,5.20521e-08
1000,1.389e-06,1.37e-07,4.3e-08
